"30,000-Year White Turtle",WATER,Aqua,1,1,,656,374
7 Colored Fish,WATER,Fish,1,1,,,
Abyss Dweller,WATER,Sea Serpent,1,1,,,
Abyss Soldier,WATER,Aqua,1,1,,,
Abyss Warrior,WATER,Aqua,1,1,,,
Abyssal Kingshark,WATER,Fish,1,1,,,
Aegaion the Sea Castrum,WATER,Machine,1,0,,,
Airorca,WIND,Sea Serpent,0,1,,,
Akihiron,WATER,Aqua,1,1,,,
Alien Hunter,WATER,Reptile,1,0,,,
Alien Hypno,WATER,Reptile,1,0,,,
Altergeist Meluseek,WATER,Spellcaster,1,0,,,
Amazon of the Seas,WATER,Fish,1,1,,,
Ameba,WATER,Aqua,1,1,,,
Amphibian Beast,WATER,Fish,1,1,,,
Amphibious Bugroth,WATER,Aqua,1,1,,,
Amphibious Bugroth MK-3,WATER,Machine,1,0,,,
Aqua Armor Ninja,WATER,Warrior,1,0,,,
Aqua Dragon,WATER,Sea Serpent,1,1,,,
Aqua Madoor,WATER,Spellcaster,1,0,,,
Aqua Snake,WATER,Aqua,1,1,,,
Aqua Spirit,WATER,Aqua,1,1,,,
Aquaactress Arowana,WATER,Aqua,1,1,,,
Aquaactress Guppy,WATER,Aqua,1,1,,,
Aquaactress Tetra,WATER,Aqua,1,1,,,
Aquarian Alessa,WATER,Aqua,1,1,,,
"Ariel, Priestess of the Nekroz",WATER,Psychic,1,0,,,
Arma Knight,WATER,Aqua,1,1,,,
Armed Sea Hunter,WATER,Sea Serpent,1,1,,,
Armored Kappa,WATER,Psychic,1,0,,,
Armored Starfish,WATER,Aqua,1,1,,,
Aromage Rosemary,WATER,Plant,1,0,,,
Atlantean Attack Squad,WATER,Sea Serpent,1,1,,,
Atlantean Dragoons,WATER,Sea Serpent,1,1,,,
Atlantean Heavy Infantry,WATER,Sea Serpent,1,1,,,
Atlantean Marksman,WATER,Sea Serpent,1,1,,,
Atlantean Pikeman,WATER,Sea Serpent,1,1,,,
Aurora Wing,WATER,Winged Beast,1,0,,,
B.E.S. Crystal Core,WATER,Machine,1,0,,,
Bahamut Shark,WATER,Sea Serpent,1,1,,,
Barrier Statue of the Torrent,WATER,Aqua,1,1,,,
Beastking of the Swamps,WATER,Aqua,1,1,,,
Beautunaful Princess,WATER,Fish,1,1,,,
Beelze Frog,WATER,Aqua,1,1,,,
Behegon,WATER,Aqua,1,1,,,
Big Jaws,WATER,Fish,1,1,,,
Big Whale,WATER,Fish,1,1,,,
Bitelon,WATER,Reptile,1,0,,,
"Bixi, Water of the Yang Zing",WATER,Wyrm,1,0,,,
Blizzard Dragon,WATER,Dragon,1,0,,,
Blizzard Falcon,WATER,Winged Beast,1,0,,,
Blizzard Princess,WATER,Spellcaster,1,0,,,
Blizzard Thunderbird,WATER,Winged Beast,1,0,,,
Blizzard Warrior,WATER,Warrior,1,0,,,
"Blizzed, Defender of the Ice Barrier",WATER,Aqua,1,1,,,
Blue Dragon Ninja,WATER,Sea Serpent,1,1,,,
Blue Duston,WATER,Fiend,1,0,,,
Bolt Escargot,WATER,Thunder,1,0,,,
Bolt Penguin,WATER,Thunder,1,0,,,
Boneheimer,WATER,Aqua,1,1,,,
Botanical Girl,WATER,Plant,1,0,,,
Bottom Dweller,WATER,Fish,1,1,,,
Boulder Tortoise,WATER,Aqua,1,1,,,
Bracchio-raidus,WATER,Dinosaur,1,0,,,
Brinegir,WATER,Sea Serpent,1,1,,,
"Brionac, Dragon of the Ice Barrier",WATER,Sea Serpent,1,1,,,
Cannonball Spear Shellfish,WATER,Aqua,1,1,,,
Caravan of the Ice Barrier,WATER,Sea Serpent,1,1,,,
Carrierroid,WATER,Machine,1,0,,,
Cat Shark,WATER,Beast,1,0,,,
Catapult Turtle,WATER,Aqua,1,1,,,
Centerfrog,WATER,Aqua,1,1,,,
Change Slime,WATER,Aqua,1,1,,,
Chemicritter Carbo Crab,FIRE,Aqua,0,1,,,
Chemicritter Hydron Hawk,WATER,Winged Beast,1,0,,,
Chocolate Magician Girl,WATER,Spellcaster,1,0,,,
Chrysalis Dolphin,WATER,Fish,1,1,,,
Citadel Whale,WATER,Fish,1,1,,,
Cloudian - Acid Cloud,WATER,Fairy,1,0,,,
Cloudian - Altus,WATER,Fairy,1,0,,,
Cloudian - Cirrostratus,WATER,Fairy,1,0,,,
Cloudian - Eye of the Typhoon,WIND,Aqua,0,1,,,
Cloudian - Ghost Fog,WATER,Fiend,1,0,,,
Cloudian - Nimbusman,WATER,Fairy,1,0,,,
Cloudian - Poison Cloud,WATER,Fiend,1,0,,,
Cloudian - Sheep Cloud,WATER,Fairy,1,0,,,
Cloudian - Smoke Ball,WATER,Fairy,1,0,,,
Cloudian - Storm Dragon,WATER,Fairy,1,0,,,
Cloudian - Turbulence,WATER,Fairy,1,0,,,
Codarus,WATER,Sea Serpent,1,1,,,
Code Radiator,WATER,Cyberse,1,0,,,
Cold Enchanter,WATER,Aqua,1,1,,,
Coral Dragon,WATER,Dragon,1,0,,,
Crab Turtle,WATER,Aqua,1,1,,,
Cranium Fish,WATER,Fish,1,1,,,
Crazy Fish,WATER,Fish,1,1,,,
Creeping Doom Manta,WATER,Fish,1,1,,,
Crowned by the World Chalice,WATER,Spellcaster,1,0,,,
Crusadia Arboria,WATER,Warrior,1,0,,,
Cryomancer of the Ice Barrier,WATER,Aqua,1,1,,,
Crystal Beast Emerald Tortoise,WATER,Aqua,1,1,,,
Crystal Girl,WATER,Spellcaster,1,0,,,
Crystal Seer,WATER,Spellcaster,1,0,,,
Crystron Ametrix,WATER,Machine,1,0,,,
Crystron Citree,WATER,Machine,1,0,,,
Crystron Halqifibrax,WATER,Machine,1,0,,,
Crystron Phoenix,WATER,Machine,1,0,,,
Crystron Prasiortle,WATER,Machine,1,0,,,
Crystron Quan,WATER,Machine,1,0,,,
Crystron Quandax,WATER,Machine,1,0,,,
Crystron Quariongandrax,WATER,Machine,1,0,,,
Crystron Rion,WATER,Machine,1,0,,,
Crystron Rosenix,WATER,Machine,1,0,,,
Crystron Smiger,WATER,Machine,1,0,,,
Crystron Sulfefnir,WATER,Machine,1,0,,,
Crystron Thystvern,WATER,Machine,1,0,,,
Crystron Token,WATER,Machine,1,0,,,
Cure Mermaid,WATER,Fish,1,1,,,
Cursed Fig,WATER,Plant,1,0,,,
Cyber Shark,WATER,Fish,1,1,,,
D.3.S. Frog,WATER,Aqua,1,1,,,
D/D/D Wave High King Caesar,WATER,Fiend,1,0,,,
D/D/D Wave King Caesar,WATER,Fiend,1,0,,,
Dai-sojo of the Ice Barrier,WATER,Spellcaster,1,0,,,
Dance Princess of the Ice Barrier,WATER,Spellcaster,1,0,,,
Dance Princess of the Nekroz,WATER,Spellcaster,1,0,,,
Danger! Nessie!,DARK,Aqua,0,1,,,
Danger! Ogopogo!,DARK,Sea Serpent,0,1,,,
Darkbishop Archfiend,WATER,Fiend,1,0,,,
Deep Diver,WATER,Aqua,1,1,,,
Deep Sea Diva,WATER,Sea Serpent,1,1,,,
Deep Sweeper,WATER,Fish,1,1,,,
Deepsea Macrotrema,WATER,Fish,1,1,,,
Deepsea Shark,WATER,Fish,1,1,,,
Deepsea Warrior,WATER,Warrior,1,0,,,
Defender of the Ice Barrier,WATER,Aqua,1,1,,,
Depth Shark,WATER,Fish,1,1,,,
Des Frog,WATER,Aqua,1,1,,,
Dewdark of the Ice Barrier,WATER,Aqua,1,1,,,
"Dewloren, Tiger King of the Ice Barrier",WATER,Beast,1,0,,,
"Dinomight Knight, the True Dracofighter",WATER,Wyrm,1,0,,,
Dinomist Ankylos,WATER,Machine,1,0,,,
Dinomist Brachion,WATER,Machine,1,0,,,
Dinomist Ceratops,WATER,Machine,1,0,,,
Dinomist Plesios,WATER,Machine,1,0,,,
Dinomist Pteran,WATER,Machine,1,0,,,
Dinomist Rex,WATER,Machine,1,0,,,
Dinomist Spinos,WATER,Machine,1,0,,,
Dinomist Stegosaur,WATER,Machine,1,0,,,
"Dinoster Power, the Mighty Dracoslayer",WATER,Dragon,1,0,,,
Divine Dragon Aquabizarre,WATER,Sea Serpent,1,1,,,
Don Turtle,WATER,Reptile,1,0,,,
Dorover,WATER,Aqua,1,1,,,
Double Fin Shark,WATER,Fish,1,1,,,
Double Shark,WATER,Fish,1,1,,,
Dragon Ice,WATER,Dragon,1,0,,,
Dragonmaid Nudyarl,WATER,Dragon,1,0,,,
Dragonpit Magician,WATER,Spellcaster,1,0,,,
Drill Barnacle,WATER,Aqua,1,1,,,
Duck Dummy,WATER,Winged Beast,1,0,,,
Duoterion,WATER,Dinosaur,1,0,,,
Dupe Frog,WATER,Aqua,1,1,,,
Eagle Shark,WATER,Fish,1,1,,,
Earthbound Immortal Chacu Challhua,DARK,Fish,0,1,,,
El Shaddoll Anoyatyllis,WATER,Fiend,1,0,,,
Elder Entity Norden,WATER,Fairy,1,0,,,
Elemental HERO Absolute Zero,WATER,Warrior,1,0,,,
Elemental HERO Aqua Neos,WATER,Warrior,1,0,,,
Elemental HERO Bubbleman,WATER,Warrior,1,0,,,
Elemental HERO Ice Edge,WATER,Warrior,1,0,,,
Elemental HERO Liquidman,WATER,Warrior,1,0,,,
Elemental HERO Marine Neos,WATER,Warrior,1,0,,,
Elemental HERO Mariner,WATER,Warrior,1,0,,,
Elemental HERO Neo Bubbleman,WATER,Warrior,1,0,,,
Elemental HERO Ocean,WATER,Warrior,1,0,,,
Elemental HERO Steam Healer,WATER,Warrior,1,0,,,
Elementsaber Nalu,WATER,Warrior,1,0,,,
Emperor of the Land and Sea,WATER,Reptile,1,0,,,
Enchanting Mermaid,WATER,Fish,1,1,,,
Eria the Water Charmer,WATER,Spellcaster,1,0,,,
Escher the Frost Vassal,WATER,Aqua,1,1,,,
Evigishki Gustkraken,WATER,Aqua,1,1,,,
Evigishki Levianima,WATER,Aqua,1,1,,,
Evigishki Merrowgeist,WATER,Aqua,1,1,,,
Evigishki Mind Augus,WATER,Aqua,1,1,,,
Evigishki Soul Ogre,WATER,Aqua,1,1,,,
Evigishki Tetrogre,WATER,Aqua,1,1,,,
Evilswarm Ketos,DARK,Aqua,0,1,,,
"Exa, Enforcer of the Nekroz",WATER,Dragon,1,0,,,
Fairy King Truesdale,WATER,Plant,1,0,,,
Fairy of the Fountain,WATER,Aqua,1,1,,,
Familiar-Possessed - Eria,WATER,Spellcaster,1,0,,,
Fenrir,WATER,Beast,1,0,,,
Fiend Kraken,WATER,Aqua,1,1,,,
Fire Kraken,FIRE,Aqua,0,1,,,
Fishborg Archer,WATER,Fish,1,1,,,
Fishborg Blaster,WATER,Fish,1,1,,,
Fishborg Doctor,WATER,Fish,1,1,,,
Fishborg Launcher,WATER,Fish,1,1,,,
Fishborg Planter,WATER,Fish,1,1,,,
Flip Flop Frog,WATER,Aqua,1,1,,,
Flip Frozen,WATER,Cyberse,1,0,,,
Fluffal Octopus,WATER,Fairy,1,0,,,
Fluffal Penguin,WATER,Fairy,1,0,,,
Flyfang,WIND,Fish,0,1,,,
Flying Carp,WATER,Fish,1,1,,,
Flying Fish,WIND,Fish,0,1,,,
Flying Penguin,WATER,Aqua,1,1,,,
Fog King,WATER,Spellcaster,1,0,,,
Force Resonator,WATER,Fiend,1,0,,,
Fortress Whale,WATER,Fish,1,1,,,
Fortune Fairy Swee,WATER,Spellcaster,1,0,,,
Fortune Lady Water,WATER,Spellcaster,1,0,,,
Freezing Beast,WATER,Aqua,1,1,,,
Frightfur Kraken,WATER,Fiend,1,0,,,
Friller Rabca,WATER,Fish,1,1,,,
Frost and Flame Dragon,WATER,Dragon,1,0,,,
Frostosaurus,WATER,Dinosaur,1,0,,,
Frozen Fitzgerald,WATER,Fiend,1,0,,,
Full Armored Black Ray Lancer,WATER,Beast-Warrior,1,0,,,
Full Armored Crystalzero Lancer,WATER,Warrior,1,0,,,
"Gabrion, the Timelord",WATER,Fairy,1,0,,,
Gadget Arms,WATER,Machine,1,0,,,
Gagagigo,WATER,Reptile,1,0,,,
Gagagigo the Risen,WATER,Reptile,1,0,,,
Gale Lizard,WATER,Reptile,1,0,,,
"Gameciel, the Sea Turtle Kaiju",WATER,Aqua,1,1,,,
Gazer Shark,WATER,Fish,1,1,,,
Gemini Lancer,WATER,Sea Serpent,1,1,,,
Gemini Summoner,WATER,Spellcaster,1,0,,,
Gem-Knight Amethyst,EARTH,Aqua,0,1,,,
Gem-Knight Aquamarine,EARTH,Aqua,0,1,,,
Gem-Knight Iolite,EARTH,Aqua,0,1,,,
Gem-Knight Sapphire,EARTH,Aqua,0,1,,,
Gendo the Ascetic Monk,WATER,Spellcaster,1,0,,,
General Gantala of the Ice Barrier,WATER,Warrior,1,0,,,
General Grunard of the Ice Barrier,WATER,Warrior,1,0,,,
General Raiho of the Ice Barrier,WATER,Warrior,1,0,,,
Genex Undine,WATER,Aqua,1,1,,,
Geomancer of the Ice Barrier,WATER,Spellcaster,1,0,,,
Ghost Sister & Spooky Dogwood,WATER,Zombie,1,0,,,
Giant Pairfish,WATER,Wyrm,1,0,,,
Giant Red Seasnake,WATER,Aqua,1,1,,,
Giant Turtle Who Feeds on Flames,WATER,Aqua,1,1,,,
Giga Gagagigo,WATER,Reptile,1,0,,,
Gigobyte,WATER,Reptile,1,0,,,
Gishki Abyss,WATER,Fish,1,1,,,
Gishki Ariel,WATER,Spellcaster,1,0,,,
Gishki Avance,WATER,Spellcaster,1,0,,,
Gishki Beast,WATER,Beast,1,0,,,
Gishki Chain,WATER,Sea Serpent,1,1,,,
Gishki Diviner,WATER,Sea Serpent,1,1,,,
Gishki Emilia,WATER,Spellcaster,1,0,,,
Gishki Marker,WATER,Aqua,1,1,,,
Gishki Mollusk,WATER,Aqua,1,1,,,
Gishki Natalia,WATER,Spellcaster,1,0,,,
Gishki Noellia,WATER,Spellcaster,1,0,,,
Gishki Psychelone,WATER,Fiend,1,0,,,
Gishki Reliever,WATER,Aqua,1,1,,,
Gishki Shadow,WATER,Sea Serpent,1,1,,,
Gishki Vanity,WATER,Aqua,1,1,,,
Gishki Vision,WATER,Sea Serpent,1,1,,,
Gishki Zielgigas,WATER,Aqua,1,1,,,
Gladiator Beast Domitianus,DARK,Sea Serpent,0,1,,,
Gladiator Beast Murmillo,WATER,Fish,1,1,,,
Gladiator Beast Retiari,WATER,Aqua,1,1,,,
Gladiator Beast Torax,WATER,Fish,1,1,,,
Gladiator Beast Vespasius,WATER,Sea Serpent,1,1,,,
Gogiga Gagagigo,WATER,Reptile,1,0,,,
Golden Flying Fish,LIGHT,Fish,0,1,,,
Gora Turtle,WATER,Aqua,1,1,,,
Gora Turtle of Illusion,WATER,Aqua,1,1,,,
Granadora,WATER,Reptile,1,0,,,
Grappler,WATER,Reptile,1,0,,,
Grappler Angler,WATER,Warrior,1,0,,,
Grass Phantom,WATER,Plant,1,0,,,
Graydle Alligator,WATER,Aqua,1,1,,,
Graydle Cobra,WATER,Aqua,1,1,,,
Graydle Dragon,WATER,Aqua,1,1,,,
Graydle Eagle,WATER,Aqua,1,1,,,
Graydle Slime,WATER,Aqua,1,1,,,
Graydle Slime Jr.,WATER,Aqua,1,1,,,
Great Sorcerer of the Nekroz,WATER,Spellcaster,1,0,,,
Great White,WATER,Fish,1,1,,,
Green Turtle Summoner,WATER,Spellcaster,1,0,,,
Gruesome Goo,WATER,Aqua,1,1,,,
Guard Penguin,WATER,Winged Beast,1,0,,,
Guardian Kay'est,WATER,Sea Serpent,1,1,,,
Guardragon Justicia,WATER,Dragon,1,0,,,
"Gungnir, Dragon of the Ice Barrier",WATER,Dragon,1,0,,,
Hammer Shark,WATER,Fish,1,1,,,
"Hebo, Lord of the River",WATER,Aqua,1,1,,,
"Helmer, Helmsman Fur Hire",WATER,Aqua,1,1,,,
High Tide Gyojin,WATER,Aqua,1,1,,,
Hitodenchak,WATER,Aqua,1,1,,,
Hiyari @Ignister,WATER,Cyberse,1,0,,,
Humanoid Slime,WATER,Aqua,1,1,,,
Humanoid Worm Drake,WATER,Aqua,1,1,,,
Humhumming the Key Djinn,WATER,Fiend,1,0,,,
Hydra Viper,WATER,Reptile,1,0,,,
Hydro Genex,WATER,Machine,1,0,,,
Hydrogeddon,WATER,Dinosaur,1,0,,,
"Hydrotortoise, the Empowered Warrior",WATER,Warrior,1,0,,,
Hyo,WATER,Warrior,1,0,,,
Hyosube,WATER,Aqua,1,1,,,
Hyper-Ancient Shark Megalodon,WATER,Fish,1,1,,,
Ib the World Chalice Justiciar,WATER,Spellcaster,1,0,,,
Ib the World Chalice Priestess,WATER,Spellcaster,1,0,,,
Ice Beast Zerofyne,WATER,Winged Beast,1,0,,,
Ice Hand,WATER,Aqua,1,1,,,
Ice Master,WATER,Spellcaster,1,0,,,
Ice Princess Zereort,WATER,Winged Beast,1,0,,,
Ice Queen,WATER,Spellcaster,1,0,,,
Ice Water,WATER,Aqua,1,1,,,
Imairuka,WATER,Sea Serpent,1,1,,,
Impcantation Chalislime,DARK,Aqua,0,1,,,
Invoked Cocytus,WATER,Dragon,1,0,,,
Island Turtle,WATER,Aqua,1,1,,,
Izanami,WATER,Fairy,1,0,,,
Jar Turtle,WATER,Reptile,1,0,,,
Jawsman,WATER,Beast-Warrior,1,0,,,
Jellyfish,WATER,Aqua,1,1,,,
Jigabyte,WATER,Reptile,1,0,,,
Jowls of Dark Demise,WATER,Fiend,1,0,,,
Kabazauls,WATER,Dinosaur,1,0,,,
Kairyu-Shin,WATER,Sea Serpent,1,1,,,
Kaiser Sea Horse,LIGHT,Sea Serpent,0,1,,,
Kaiser Sea Snake,WATER,Sea Serpent,1,1,,,
Kanikabuto,WATER,Aqua,1,1,,,
Kappa Avenger,WATER,Aqua,1,1,,,
King of the Swamp,WATER,Aqua,1,1,,,
Knightmare Mermaid,WATER,Fiend,1,0,,,
Koa'ki Meiru Hydro Barrier,WATER,Aqua,1,1,,,
Koa'ki Meiru Ice,WATER,Aqua,1,1,,,
Koa'ki Meiru Sea Panther,WATER,Sea Serpent,1,1,,,
Koitsu,WATER,Fairy,1,0,,,
Krokodilus,WATER,Reptile,1,0,,,
Lady of the Lake,LIGHT,Aqua,0,1,,,
Lappis Dragon,WATER,Sea Serpent,1,1,,,
Laundry Dragonmaid,WATER,Dragon,1,0,,,
Lavalval Chain,FIRE,Sea Serpent,0,1,,,
Legendary Atlantean Tridon,WATER,Sea Serpent,1,1,,,
Legendary Six Samurai - Shinai,WATER,Warrior,1,0,,,
Lekunga,WATER,Plant,1,0,,,
Levia-Dragon - Daedalus,WATER,Sea Serpent,1,1,,,
Leviair the Sea Dragon,WIND,Aqua,0,1,,,
Lightning Conger,WATER,Thunder,1,0,,,
Lightray Daedalus,LIGHT,Sea Serpent,0,1,,,
Lion Alligator,WATER,Reptile,1,0,,,
Liquid Beast,WATER,Aqua,1,1,,,
Lord Poison,WATER,Plant,1,0,,,
Lost Blue Breaker,WATER,Sea Serpent,1,1,,,
Loud Cloud the Storm Serpent,WATER,Reptile,1,0,,,
Mad Lobster,WATER,Aqua,1,1,,,
Magical Reflect Slime,WATER,Aqua,1,1,,,
Magicalibra,WATER,Spellcaster,1,0,,,
Maiden of the Aqua,WATER,Aqua,1,1,,,
Majioshaleon,WATER,Reptile,1,0,,,
Majiosheldon,WATER,Warrior,1,0,,,
Man-eating Black Shark,WATER,Fish,1,1,,,
Mare Mare,WATER,Wyrm,1,0,,,
Marincess Blue Slug,WATER,Cyberse,1,0,,,
Marincess Blue Tang,WATER,Cyberse,1,0,,,
Marincess Coral Anemone,WATER,Cyberse,1,0,,,
Marincess Crown Tail,WATER,Cyberse,1,0,,,
Marincess Crystal Heart,WATER,Cyberse,1,0,,,
Marincess Mandarin,WATER,Cyberse,1,0,,,
Marincess Marbled Rock,WATER,Cyberse,1,0,,,
Marincess Pascals,WATER,Cyberse,1,0,,,
Marincess Sea Horse,WATER,Cyberse,1,0,,,
Marincess Sea Star,WATER,Cyberse,1,0,,,
Marine Beast,WATER,Fish,1,1,,,
Maryokutai,WATER,Aqua,1,1,,,
Masked HERO Acid,WATER,Warrior,1,0,,,
Masked HERO Vapor,WATER,Warrior,1,0,,,
Mech Bass,WATER,Machine,1,0,,,
Mecha Sea Dragon Plesion,WATER,Machine,1,0,,,
Mechaleon,WATER,Reptile,1,0,,,
Medium of the Ice Barrier,WATER,Spellcaster,1,0,,,
Megalosmasher X,WATER,Dinosaur,1,0,,,
Mermaid Archer,WATER,Sea Serpent,1,1,,,
Mermaid Knight,WATER,Aqua,1,1,,,
Mermaid Shark,WATER,Fish,1,1,,,
Mermail Abyssalacia,WATER,Sea Serpent,1,1,,,
Mermail Abyssbalaen,WATER,Aqua,1,1,,,
Mermail Abyssdine,WATER,Aqua,1,1,,,
Mermail Abyssgaios,WATER,Aqua,1,1,,,
Mermail Abyssgunde,WATER,Aqua,1,1,,,
Mermail Abysshilde,WATER,Aqua,1,1,,,
Mermail Abyssleed,WATER,Sea Serpent,1,1,,,
Mermail Abysslinde,WATER,Aqua,1,1,,,
Mermail Abysslung,WATER,Fish,1,1,,,
Mermail Abyssmander,WATER,Fish,1,1,,,
Mermail Abyssmegalo,WATER,Sea Serpent,1,1,,,
Mermail Abyssnerei,WATER,Aqua,1,1,,,
Mermail Abyssnose,WATER,Fish,1,1,,,
Mermail Abyssocea,WATER,Aqua,1,1,,,
Mermail Abysspike,WATER,Fish,1,1,,,
Mermail Abyssteus,WATER,Aqua,1,1,,,
Mermail Abysstrite,WATER,Sea Serpent,1,1,,,
Mermail Abyssturge,WATER,Fish,1,1,,,
Metabo-Shark,WATER,Fish,1,1,,,
Metal Fish,WATER,Machine,1,0,,,
Metallizing Parasite - Lunatite,WATER,Aqua,1,1,,,
Metallizing Parasite - Soltite,WATER,Aqua,1,1,,,
Misairuzame,WATER,Fish,1,1,,,
Mistar Boy,WATER,Aqua,1,1,,,
Mobius the Frost Monarch,WATER,Aqua,1,1,,,
Mobius the Mega Monarch,WATER,Aqua,1,1,,,
Monsturtle,WATER,Aqua,1,1,,,
Mother Grizzly,WATER,Beast-Warrior,1,0,,,
Moulinglacia the Elemental Lord,WATER,Sea Serpent,1,1,,,
Mucus Yolk,DARK,Aqua,0,1,,,
Mudragon of the Swamp,WATER,Wyrm,1,0,,,
Muscle Medic,WATER,Warrior,1,0,,,
Mythic Water Dragon,WATER,Dragon,1,0,,,
Needle Sunfish,WATER,Fish,1,1,,,
Nekroz of Brionac,WATER,Warrior,1,0,,,
Nekroz of Catastor,WATER,Dragon,1,0,,,
Nekroz of Clausolas,WATER,Warrior,1,0,,,
Nekroz of Decisive Armor,WATER,Dragon,1,0,,,
Nekroz of Gungnir,WATER,Spellcaster,1,0,,,
Nekroz of Trishula,WATER,Warrior,1,0,,,
Nekroz of Unicore,WATER,Spellcaster,1,0,,,
Nekroz of Valkyrus,WATER,Spellcaster,1,0,,,
Neo Aqua Madoor,WATER,Spellcaster,1,0,,,
Neo-Spacian Aqua Dolphin,WATER,Warrior,1,0,,,
Neo-Spacian Marine Dolphin,WATER,Warrior,1,0,,,
"Neptabyss, the Atlantean Prince",WATER,Sea Serpent,1,1,,,
"Nidhogg, Generaider Boss of Ice",WATER,Wyrm,1,0,,,
Night Lizard,WATER,Aqua,1,1,,,
Nightmare Penguin,WATER,Aqua,1,1,,,
Nimble Angler,WATER,Fish,1,1,,,
Nimble Beaver,WATER,Beast,1,0,,,
Nimble Manta,WATER,Fish,1,1,,,
Nimble Sunfish,WATER,Fish,1,1,,,
Noelshaddoll Ariel,WATER,Psychic,1,0,,,
Nopenguin,WATER,Aqua,1,1,,,
Number 101: Silent Honor ARK,WATER,Aqua,1,1,,,
Number 103: Ragnazero,WATER,Fairy,1,0,,,
Number 17: Leviathan Dragon,WATER,Dragon,1,0,,,
Number 19: Freezadon,WATER,Dinosaur,1,0,,,
Number 21: Frozen Lady Justice,WATER,Aqua,1,1,,,
Number 27: Dreadnought Dreadnoid,WATER,Machine,1,0,,,
Number 30: Acid Golem of Destruction,WATER,Rock,1,0,,,
Number 32: Shark Drake,WATER,Sea Serpent,1,1,,,
Number 37: Hope Woven Dragon Spider Shark,WATER,Sea Serpent,1,1,,,
Number 47: Nightmare Shark,WATER,Sea Serpent,1,1,,,
Number 71: Rebarian Shark,WATER,Dragon,1,0,,,
Number 73: Abyss Splash,WATER,Warrior,1,0,,,
Number 87: Queen of the Night,WATER,Plant,1,0,,,
Number 94: Crystalzero,WATER,Warrior,1,0,,,
Number C101: Silent Honor DARK,WATER,Aqua,1,1,,,
Number C103: Ragnafinity,WATER,Fairy,1,0,,,
Number C32: Shark Drake Veiss,WATER,Sea Serpent,1,1,,,
Number C73: Abyss Supra Splash,WATER,Warrior,1,0,,,
Numbing Grub in the Ice Barrier,WATER,Insect,1,0,,,
Numen erat Testudo,WATER,Aqua,1,1,,,
Ocean Dragon Lord - Neo-Daedalus,WATER,Sea Serpent,1,1,,,
Ocean's Keeper,WATER,Fish,1,1,,,
Octoberser,WATER,Aqua,1,1,,,
Odd-Eyes Absolute Dragon,WATER,Dragon,1,0,,,
Ooguchi,WATER,Aqua,1,1,,,
Oppressed People,WATER,Aqua,1,1,,,
Orca Mega-Fortress of Darkness,WATER,Sea Serpent,1,1,,,
Oshaleon,WATER,Reptile,1,0,,,
Oyster Meister,WATER,Fish,1,1,,,
Paleozoic Anomalocaris,WATER,Aqua,1,1,,,
Paleozoic Opabinia,WATER,Aqua,1,1,,,
Pandaborg,WATER,Psychic,1,0,,,
Panther Shark,WATER,Fish,1,1,,,
Penguin Knight,WATER,Aqua,1,1,,,
Penguin Soldier,WATER,Aqua,1,1,,,
Performapal Bit Bite Turtle,WATER,Reptile,1,0,,,
Performapal Coin Dragon,WATER,Dragon,1,0,,,
Performapal Guitartle,WATER,Aqua,1,1,,,
Performapal Rain Goat,WATER,Beast,1,0,,,
Performapal Seal Eel,WATER,Fish,1,1,,,
Performapal Sellshell Crab,WATER,Aqua,1,1,,,
Performapal Skeeter Skimmer,WATER,Insect,1,0,,,
Performapal Splashmammoth,WATER,Beast,1,0,,,
Performapal Stamp Turtle,WATER,Aqua,1,1,,,
Performapal Sword Fish,WATER,Fish,1,1,,,
Performapal Turn Toad,WATER,Aqua,1,1,,,
Phantasm Spiral Dragon,WATER,Wyrm,1,0,,,
Phantom Dragonray Bronto,WATER,Fish,1,1,,,
Piercing Moray,WATER,Fish,1,1,,,
Pilgrim of the Ice Barrier,WATER,Warrior,1,0,,,
Piranha Army,WATER,Fish,1,1,,,
Poison Draw Frog,WATER,Aqua,1,1,,,
Poly-Chemicritter Hydragon,WATER,Dragon,1,0,,,
"Poseidra, the Atlantean Dragon",WATER,Sea Serpent,1,1,,,
Powered Tuner,WATER,Dragon,1,0,,,
Prank-Kids Dropsies,WATER,Aqua,1,1,,,
Prank-Kids Rip-Roarin-Roaster,WATER,Aqua,1,1,,,
Prank-Kids Weather Washer,WATER,Aqua,1,1,,,
Prediction Princess Crystaldine,WATER,Fairy,1,0,,,
Prior of the Ice Barrier,WATER,Aqua,1,1,,,
Psychic Kappa,WATER,Aqua,1,1,,,
Puny Penguin,WATER,Aqua,1,1,,,
Putrid Pudding Body Buddies,WATER,Fiend,1,0,,,
Rage of the Deep Sea,WATER,Fish,1,1,,,
Raging Eria,WATER,Spellcaster,1,0,,,
Rainbow Marine Mermaid,WATER,Fish,1,1,,,
Rare Fish,WATER,Fish,1,1,,,
Red Archery Girl,WATER,Aqua,1,1,,,
Reese the Ice Mistress,WATER,Sea Serpent,1,1,,,
Reptilianne Gardna,WATER,Reptile,1,0,,,
Revival Jam,WATER,Aqua,1,1,,,
Ritual Beast Ulti-Pettlephin,WIND,Aqua,0,1,,,
Roaring Ocean Snake,WATER,Aqua,1,1,,,
Ronintoadin,WATER,Aqua,1,1,,,
Root Water,WATER,Fish,1,1,,,
Royal Knight of the Ice Barrier,WATER,Warrior,1,0,,,
Royal Swamp Eel,WATER,Fish,1,1,,,
Saber Shark,WATER,Fish,1,1,,,
Sacred Spirit of the Ice Barrier,WATER,Zombie,1,0,,,
Salvage Warrior,WATER,Warrior,1,0,,,
Samurai of the Ice Barrier,WATER,Warrior,1,0,,,
Scrap Shark,EARTH,Fish,0,1,,,
Sea Archiver,WATER,Cyberse,1,0,,,
Sea Dragon Lord Gishilnodon,WATER,Sea Serpent,1,1,,,
Sea Dragoons of Draconia,WATER,Sea Serpent,1,1,,,
Sea Kamen,WATER,Aqua,1,1,,,
Sea King Dragon,WATER,Sea Serpent,1,1,,,
Sea Lancer,WATER,Beast-Warrior,1,0,,,
Sea Monster of Theseus,WATER,Zombie,1,0,,,
Sea Serpent Warrior of Darkness,WATER,Sea Serpent,1,1,,,
Secret Guards of the Ice Barrier,WATER,Aqua,1,1,,,
Secret Six Samurai - Hatsume,WATER,Warrior,1,0,,,
Senka Adonis - Zhou Gong,WATER,Beast-Warrior,1,0,,,
Senka Intermediary - Sun Mou,WATER,Beast-Warrior,1,0,,,
Senka Tactician - Lu Jing,WATER,Beast-Warrior,1,0,,,
Sentinel of the Seas,WATER,Aqua,1,1,,,
Serpentine Princess,WATER,Reptile,1,0,,,
Servant of Catabolism,LIGHT,Aqua,0,1,,,
Shark Caesar,WATER,Fish,1,1,,,
Shark Cruiser,WATER,Fish,1,1,,,
Shark Fortress,DARK,Fish,0,1,,,
Shark Stickers,WATER,Fish,1,1,,,
Sharkraken,WATER,Fish,1,1,,,
"Shelga, the Tri-Warlord",WATER,Psychic,1,0,,,
Shock Troops of the Ice Barrier,WATER,Spellcaster,1,0,,,
Shocktopus,WATER,Fish,1,1,,,
Shootingcode Talker,WATER,Cyberse,1,0,,,
Shore Knight,WATER,Warrior,1,0,,,
"Shurit, Strategist of the Nekroz",WATER,Warrior,1,0,,,
Silent Abyss,WATER,Reptile,1,0,,,
Silent Angler,WATER,Fish,1,1,,,
Silent Wobby,WATER,Fish,1,1,,,
Sinister Serpent,WATER,Reptile,1,0,,,
Sirenorca,WATER,Winged Beast,1,0,,,
Skreech,WATER,Reptile,1,0,,,
Skull Kraken,DARK,Aqua,0,1,,,
Skull Mariner,WATER,Warrior,1,0,,,
Sky Striker Ace - Shizuku,WATER,Machine,1,0,,,
Skystarray,WIND,Sea Serpent,0,1,,,
Slime Toad,WATER,Aqua,1,1,,,
Slushy,WATER,Aqua,1,1,,,
Snow Dragon,WATER,Dragon,1,0,,,
Snowdust Dragon,WATER,Dragon,1,0,,,
Snowdust Giant,WATER,Beast-Warrior,1,0,,,
Snowman Creator,WATER,Machine,1,0,,,
Snowman Eater,WATER,Aqua,1,1,,,
Souleater,EARTH,Fish,0,1,,,
Space Mambo,WATER,Fish,1,1,,,
Spawn Alligator,WATER,Reptile,1,0,,,
Spear Shark,WATER,Fish,1,1,,,
Spearfish Soldier,WIND,Sea Serpent,0,1,,,
Spellbook Magician of Prophecy,WATER,Spellcaster,1,0,,,
Spellbreaker of the Ice Barrier,WATER,Spellcaster,1,0,,,
Spike Seadra,WATER,Sea Serpent,1,1,,,
Spined Gillman,WATER,Sea Serpent,1,1,,,
Spiral Serpent,WATER,Sea Serpent,1,1,,,
Spiritual Beast Pettlephin,WIND,Aqua,0,1,,,
Splash Mage,WATER,Cyberse,1,0,,,
Squirt Squid,WATER,Aqua,1,1,,,
Star Boy,WATER,Aqua,1,1,,,
Starfish,WATER,Aqua,1,1,,,
Steam Synchron,WATER,Machine,1,0,,,
Stoic of Prophecy,WATER,Spellcaster,1,0,,,
Strategist of the Ice Barrier,WATER,Spellcaster,1,0,,,
"Stream, Dragon Ruler of Droplets",WATER,Dragon,1,0,,,
Submarine Frog,WATER,Aqua,1,1,,,
Submarineroid,WATER,Machine,1,0,,,
Submersible Carrier Aero Shark,WATER,Fish,1,1,,,
Substitoad,WATER,Aqua,1,1,,,
Subterror Behemoth Phospheroglacier,EARTH,Aqua,0,1,,,
Subterror Behemoth Stygokraken,EARTH,Sea Serpent,0,1,,,
Suijin,WATER,Aqua,1,1,,,
Super Quantal Mech Beast Grampulse,WATER,Machine,1,0,,,
Super Quantum Blue Layer,WATER,Psychic,1,0,,,
Superancient Deepsea King Coelacanth,WATER,Fish,1,1,,,
Swap Frog,WATER,Aqua,1,1,,,
Sylvan Lotuswain,WATER,Plant,1,0,,,
Sylvan Marshalleaf,WATER,Plant,1,0,,,
Sylvan Mikorange,WATER,Plant,1,0,,,
T.A.D.P.O.L.E.,WATER,Aqua,1,1,,,
T.G. Drill Fish,WATER,Fish,1,1,,,
T.G. Screw Serpent,WATER,Sea Serpent,1,1,,,
Takriminos,WATER,Sea Serpent,1,1,,,
"Talaya, Princess of Cherry Blossoms",WATER,Plant,1,0,,,
Tatsunoko,WATER,Wyrm,1,0,,,
Tentacle Plant,WATER,Plant,1,0,,,
Tenyi Spirit - Shthana,WATER,Wyrm,1,0,,,
Terrorking Salmon,WATER,Fish,1,1,,,
Testudo erat Numen,WATER,Aqua,1,1,,,
The Dragon Dwelling in the Deep,WATER,Sea Serpent,1,1,,,
The Furious Sea King,WATER,Aqua,1,1,,,
The Great Emperor Penguin,WATER,Aqua,1,1,,,
The Legendary Fisherman,WATER,Warrior,1,0,,,
The Legendary Fisherman II,WATER,Warrior,1,0,,,
The Legendary Fisherman III,WATER,Warrior,1,0,,,
The Little Swordsman of Aile,WATER,Warrior,1,0,,,
The Melting Red Shadow,WATER,Aqua,1,1,,,
The Six Samurai - Yaichi,WATER,Warrior,1,0,,,
The Tripper Mercury,WATER,Aqua,1,1,,,
The Tyrant Neptune,WATER,Reptile,1,0,,,
The Weather Painter Rain,WATER,Fairy,1,0,,,
Thousand-Eyes Jellyfish,WATER,Fish,1,1,,,
Three Trolling Trolls,WATER,Beast-Warrior,1,0,,,
"Tidal, Dragon Ruler of Waterfalls",WATER,Dragon,1,0,,,
Tin Goldfish,WATER,Machine,1,0,,,
Toad Master,WATER,Aqua,1,1,,,
Toadally Awesome,WATER,Aqua,1,1,,,
Tongyo,WATER,Fish,1,1,,,
Toon Alligator,WATER,Reptile,1,0,,,
Toon Mermaid,WATER,Aqua,1,1,,,
Torpedo Fish,WATER,Fish,1,1,,,
Tradetoad,WATER,Aqua,1,1,,,
Tree Otter,WATER,Beast,1,0,,,
Treeborn Frog,WATER,Aqua,1,1,,,
Tribe-Infecting Virus,WATER,Aqua,1,1,,,
Tribe-Shocking Virus,WATER,Thunder,1,0,,,
Tri-Edge Levia,WATER,Sea Serpent,1,1,,,
Tripod Fish,WATER,Fish,1,1,,,
"Trishula, Dragon of the Ice Barrier",WATER,Dragon,1,0,,,
"Trishula, the Dragon of Icy Imprisonment",WATER,Dragon,1,0,,,
"True King Bahrastos, the Fathomer",WATER,Wyrm,1,0,,,
Turtle Bird,WATER,Aqua,1,1,,,
Turtle Raccoon,WATER,Aqua,1,1,,,
Turtle Tiger,WATER,Aqua,1,1,,,
Turu-Purun,WATER,Aqua,1,1,,,
Twin Long Rods 1,WATER,Aqua,1,1,,,
Twin Long Rods 2,WATER,Aqua,1,1,,,
Umbreacum Couple,WATER,Spellcaster,1,0,,,
Uminotaurus,WATER,Aqua,1,1,,,
Unchained Twins - Rakea,WATER,Fiend,1,0,,,
Unformed Void,LIGHT,Aqua,0,1,,,
Unifrog,WATER,Aqua,1,1,,,
Unshaven Angler,WATER,Fish,1,1,,,
Violent Rain,WATER,Aqua,1,1,,,
Vortex Trooper,WIND,Aqua,0,1,,,
Warlock of the Ice Barrier,WATER,Spellcaster,1,0,,,
Warrior of Atlantis,WATER,Aqua,1,1,,,
Water Dragon,WATER,Sea Serpent,1,1,,,
Water Dragon Cluster,WATER,Sea Serpent,1,1,,,
Water Element,WATER,Aqua,1,1,,,
Water Girl,WATER,Aqua,1,1,,,
Water Leviathan @Ignister,WATER,Cyberse,1,0,,,
Water Magician,WATER,Aqua,1,1,,,
Water Omotics,WATER,Aqua,1,1,,,
Water Spirit,WATER,Aqua,1,1,,,
Waterdragon Fairy,WATER,Aqua,1,1,,,
Weather Report,WATER,Aqua,1,1,,,
Wetha,WATER,Aqua,1,1,,,
White Aura Bihamut,WATER,Fish,1,1,,,
White Aura Dolphin,WATER,Fish,1,1,,,
White Aura Monoceros,WATER,Fish,1,1,,,
White Aura Whale,WATER,Fish,1,1,,,
White Dolphin,WATER,Fish,1,1,,,
White Moray,WATER,Fish,1,1,,,
White Night Dragon,WATER,Dragon,1,0,,,
White Stingray,WATER,Fish,1,1,,,
Wind-Up Carrier Zenmaity,WATER,Machine,1,0,,,
Wind-Up Shark,WATER,Fish,1,1,,,
Wind-Up Snail,WATER,Aqua,1,1,,,
Wingtortoise,WIND,Aqua,0,1,,,
Witchcrafter Pittore,WATER,Spellcaster,1,0,,,
"Wiz, Sage Fur Hire",WATER,Spellcaster,1,0,,,
Wow Warrior,WATER,Fish,1,1,,,
Xyz Remora,WATER,Fish,1,1,,,
Xyz Slidolphin,WATER,Sea Serpent,1,1,,,
Yado Karu,WATER,Aqua,1,1,,,
Yaksha,WATER,Fairy,1,0,,,
Yomi Ship,WATER,Aqua,1,1,,,
"Yuki-Musume, the Ice Mayakashi",WATER,Zombie,1,0,,,
"Yuki-Onna, the Absolute Zero Mayakashi",WATER,Zombie,1,0,,,
"Yuki-Onna, the Ice Mayakashi",WATER,Zombie,1,0,,,
"Zaphion, the Timelord",WATER,Fairy,1,0,,,
Zarigun,WATER,Aqua,1,1,,,
"Zefrasaber, Swordmaster of the Nekroz",WATER,Spellcaster,1,0,,,
Zone Eater,WATER,Aqua,1,1,,,
ZW - Ultimate Shield,EARTH,Aqua,0,1,,,
